"","Pop","X182_FAM","X0585_NED","X1195_PET","X5047_FAM","X207_VIC","X181_NED","X6212_PET","X0513_FAM","X2637_VIC","X1490_NED","X166_PET"
"AP_G11","Central","157/184","188/191","244/244","230/230","191/194","174/180","264/267","200/221","264/267","266/266","161/161"
"AP_G13","Central","157/166","182/185","232/235","233/236","188/203","174/174","246/252","200/224","267/267","254/269","167/191"
"AP_G21","Central","157/157","182/194","220/244","230/233","194/203","174/174","243/267","200/200","264/264","266/266","161/164"
"AP_G23","Central","157/190","176/191","232/232","233/233","188/203","174/174","246/249","200/200","264/267","254/269","161/164"
"AP_G26","Central","172/190","182/194","232/244","230/239","197/200","174/174","246/246","200/221","264/264","254/266","164/164"
"AP_G27","Central","157/157","182/194","232/235","230/233","191/194","174/174","246/249","200/200","264/267","254/272","161/161"
"AP_G28","Central","157/196","182/182","232/232","233/236","179/209","174/174","258/261","200/200","267/267","269/272","161/161"
"AP_G29","Central","157/157","182/191","232/238","230/236","188/194","174/174","258/285","200/200","267/267","266/269","161/161"
"AP_G09","Klein","157/199","182/182","232/232","233/236","188/194","174/180","249/270","206/215","264/264","269/269","158/164"
"AP_G10","Klein","157/193","185/191","232/232","236/242","194/194","174/174","246/261","200/200","264/267","266/269","161/161"
"AP_G17","Klein","157/181","182/188","232/232","230/230","206/206","174/174","249/252","200/206","264/267","266/266","161/161"
"AP_G20","Klein","154/157","191/191","235/244","230/233","173/206","174/174","249/285","200/227","264/267","254/254","146/170"
"AP_G01","Lac Bay","178/181","182/191","238/244","230/230","188/188","174/174","246/252","200/218","264/267","263/266","152/170"
"AP_G02","Lac Bay","157/157","182/182","NA/NA","236/236","194/194","174/174","246/267","206/206","264/264","254/266","161/164"
"AP_G30","Lac Bay","157/181","179/191","NA/NA","233/236","182/182","174/177","246/279","200/200","264/267","266/266","161/161"
"AP_G31","Lac Bay","157/157","182/182","232/232","233/236","197/203","174/174","249/282","200/200","264/267","254/275","161/161"
"AP_G32","Lac Bay","157/157","182/182","NA/NA","236/236","194/194","174/174","246/267","206/206","264/264","254/266","161/164"
"AP_G33","Lac Bay","157/157","182/191","232/232","230/236","194/203","174/174","261/270","200/206","264/267","254/266","158/161"
"AP_G34","Lac Bay","157/157","191/191","232/232","236/236","194/197","174/174","252/279","200/200","264/267","254/272","152/161"
"AP_G35","Lac Bay","157/157","185/191","220/232","230/230","188/191","180/180","246/246","200/224","264/267","254/272","152/161"
"AP_G36","Lac Bay","157/157","182/191","220/247","236/242","191/203","174/174","249/270","200/200","264/267","266/266","152/161"
"AP_G06","North","157/187","182/191","232/235","230/236","194/194","174/174","258/258","200/200","264/267","266/266","161/161"
"AP_G08","North","157/184","191/194","232/244","233/236","185/197","174/177","246/246","200/200","264/264","254/266","161/173"
"AP_G18","North","157/187","182/182","232/244","233/233","191/194","174/174","249/261","200/200","264/267","266/266","161/161"
"AP_G19","North","157/181","182/182","NA/NA","227/233","197/206","174/180","267/270","200/200","264/264","266/269","161/164"
"AP_G24","North","157/193","191/191","232/235","230/233","182/203","174/177","246/249","200/200","264/264","254/266","167/182"
"AP_G07","North","157/178","182/185","232/235","236/236","179/209","174/174","246/249","200/218","264/264","266/266","155/170"
"AP_G04","South","157/157","191/191","235/235","233/242","179/191","174/174","246/264","200/200","267/267","266/266","158/164"
"AP_G05","South","157/202","191/191","232/232","236/239","191/197","174/177","249/288","200/200","264/264","257/266","161/161"
"AP_G12","South","154/181","182/191","232/235","230/230","191/215","174/174","246/246","200/200","264/267","269/269","161/173"
"AP_G14","South","157/193","191/191","232/247","233/236","194/194","174/174","249/264","200/200","264/264","254/269","161/161"
"AP_G15","South","157/169","191/191","244/247","230/233","194/194","180/180","249/279","200/200","264/267","266/266","167/167"
"AP_G16","South","157/157","182/191","220/232","230/233","173/200","174/174","246/246","200/200","264/267","263/266","167/170"
"AP_G22","South","157/181","185/191","232/232","230/236","185/191","174/174","249/270","200/200","264/264","254/272","158/164"
"AP_G25","South","157/172","182/182","232/244","233/236","191/194","174/174","246/267","200/200","264/264","266/272","161/173"
